,pipeline,rank,dataset,signal,iteration,MAE,MSE,RMSE,MASE,sMAPE,MAPE,status,elapsed,run_id
0,pyteller.ARIMA.arima,1,a10,x,0,0.0,0.0,0.0,0.0,0.0,0.0,ERROR,2.959484,6cb3d291-f
1,pyteller.persistence.persistence_step_through,2,a10,x,0,0.0,0.0,0.0,0.0,0.0,0.0,ERROR,1.446532,6cb3d291-f
2,pyteller.persistence.persistence,3,a10,x,0,2.893399300454546,14.344016106836422,3.7873494830602077,0.9513157737164556,13.508520067187343,12.62480955149401,OK,1.388732,6cb3d291-f
3,pyteller.LSTM.LSTM_offset,4,a10,x,0,8.466119806648358,86.24285604655273,9.286703185014192,3.0024142559945517,50.727760634695,39.650564391106066,OK,8.991742,6cb3d291-f
