dataset,pipeline,signal,prediction length,iteration,MAE,MSE,RMSE,MASE,sMAPE,MAPE,status,elapsed,run_id
departures,pyteller.LSTM.LSTM,resshort,12,0,482.53530303537855,250602.69473305639,500.6023319293033,2.936753531807659,79.79484754959229,56.69964713772403,OK,36.592853,3816fd86-4
