dataset,pipeline,signal,prediction length,iteration,MAE,MSE,RMSE,MASE,sMAPE,MAPE,under,over,status,elapsed,run_id
a10,pyteller.ARIMA.arima,x,12,0,4.4053880692699625,26.669103481335977,5.164213733119106,1.4549818901839824,20.88898221454147,18.571136956373213,87.87876844895555,4.634381005713674,OK,3.825809,36cdfcc0-3
a10,pyteller.LSTM.LSTM,x,12,0,8.477394198477345,86.47323377932717,9.299098546597255,3.0064125923668334,50.814695209020705,39.69717617104798,305.1861911451844,0.0,OK,10.648731,36cdfcc0-3
a10,pyteller.persistence.persistence,x,12,0,2.8933993004545453,14.34401610683642,3.7873494830602072,0.951315773716455,13.508520067187339,12.624809551494007,53.074244609999994,10.580539999999996,OK,0.356808,36cdfcc0-3
ausbeer,pyteller.ARIMA.arima,x,12,0,31.55639615953966,1294.368690978156,35.97733579600018,0.6938786918445623,7.344517003416076,7.4146850742000145,291.1288908380197,466.22461699093213,OK,3.713898,36cdfcc0-3
ausbeer,pyteller.LSTM.LSTM,x,12,0,32.15552423507498,1948.7144878426652,44.144246373028786,0.6676511765980776,7.41357153941043,7.012695380066608,1060.6441641072433,161.26575682560605,OK,4.726903,36cdfcc0-3
ausbeer,pyteller.persistence.persistence,x,12,0,43.09090909090909,2674.313131313131,51.713761527403236,0.9954995499549956,9.874103792599804,10.085922194985807,377.3333333333333,570.6666666666667,OK,0.350503,36cdfcc0-3
