dataset,pipeline,signal,prediction length,iteration,MAE,MSE,RMSE,MASE,sMAPE,MAPE,status,elapsed,run_id
a10,pyteller.ARIMA.arima,x,12,0,4.122818162407526,23.91194608947151,4.889984262701825,1.5244423399228184,18.757965756860667,16.732919660719826,OK,16.445786,75f7babb-6
a10,pyteller.LSTM.LSTM,x,12,0,11.269015117331362,135.16976829431505,11.62625340745311,4.166801226095926,63.397031827255866,47.867557411543096,OK,29.331751,75f7babb-6
a10,pyteller.persistence.persistence,x,12,0,2.7835713008333314,12.53763631486259,3.5408524841996156,1.116581047653273,12.153887153557797,11.322080957402509,OK,2.242795,75f7babb-6
ausbeer,pyteller.ARIMA.arima,x,12,0,32.606324514510405,1405.5898143318682,37.49119649106798,0.6474179957754773,7.593854467202877,7.62958252117911,OK,16.025023,75f7babb-6
ausbeer,pyteller.LSTM.LSTM,x,12,0,27.70483543475469,1552.754579868472,39.40500704058397,0.580482266252003,6.423926142091606,6.108270778898689,OK,29.409999,75f7babb-6
ausbeer,pyteller.persistence.persistence,x,12,0,39.0,2820.5,53.10837975310488,0.772972972972973,9.255331647340384,8.563695483838686,OK,2.117168,75f7babb-6
