dataset,pipeline,signal,prediction length,iteration,MAE,MSE,RMSE,MASE,sMAPE,MAPE,under,over,status,elapsed,run_id
a10,pyteller.ARIMA.arima,x,12,0,4.4053880692699625,26.669103481335977,5.164213733119106,1.4549818901839824,20.88898221454147,18.571136956373213,87.87876844895555,4.634381005713674,OK,11.424997,1a7a9484-3
a10,pyteller.LSTM.LSTM,x,12,0,8.46369341045152,86.53575322024516,9.302459525321524,3.0015537618486547,50.698290175532634,39.59840098404946,304.69296277625466,0.0,OK,111.576793,1a7a9484-3
a10,pyteller.persistence.persistence,x,12,0,2.8933993004545453,14.34401610683642,3.7873494830602072,0.951315773716455,13.508520067187339,12.624809551494007,53.074244609999994,10.580539999999996,OK,39.553319,1a7a9484-3
ausbeer,pyteller.ARIMA.arima,x,12,0,31.55639615953966,1294.368690978156,35.97733579600018,0.6938786918445623,7.344517003416076,7.4146850742000145,291.1288908380197,466.22461699093213,OK,14.74846,1a7a9484-3
ausbeer,pyteller.LSTM.LSTM,x,12,0,32.07340216660186,1959.155210780259,44.26234529236176,0.6659460606982429,7.393003052188692,6.989201735639989,1057.5160222192605,161.27326011161017,OK,30.231787,1a7a9484-3
ausbeer,pyteller.persistence.persistence,x,12,0,43.09090909090909,2674.313131313131,51.713761527403236,0.9954995499549956,9.874103792599804,10.085922194985807,377.3333333333333,570.6666666666667,OK,10.707751,1a7a9484-3
